Submission id,Participant id,Status,Custom study tncs accepted at,Started at,Completed at,Reviewed at,Archived at,Time taken,Completion code,Total approvals,Age,Sex,Ethnicity simplified,Country of birth,Country of residence,Nationality,Language,Student status,Employment status
6657725f4271bb527e6e5d26,6155db00c1ddd261574dce05,AWAITING REVIEW,Not Applicable,2024-05-29T18:22:30.646000Z,2024-05-29T18:32:07.124000Z,,2024-05-29T18:32:07.713369Z,577.0,C15OJXAH,2304,55,Male,White,United States,United States,United States,English,DATA_EXPIRED,Full-Time
6657727daefcd1f383a69d27,5c39849b19ceb400010c62a1,AWAITING REVIEW,Not Applicable,2024-05-29T18:22:57.137000Z,2024-05-29T18:56:46.784000Z,,2024-05-29T18:57:59.284110Z,2030.0,C15OJXAH,1375,25,Female,Black,United States,United States,United States,English,No,Full-Time
6657740f4cdf8a17e2cbb7ee,5ec34daa8236521a70e0a4d7,AWAITING REVIEW,Not Applicable,2024-05-29T18:29:58.830000Z,2024-05-29T18:41:07.361000Z,,2024-05-29T18:41:07.824847Z,669.0,C15OJXAH,1811,31,Female,Black,United States,United States,United States,English,DATA_EXPIRED,DATA_EXPIRED
6657753cec2b45982c0ccdb8,63e688adbc8788de6d596c93,AWAITING REVIEW,Not Applicable,2024-05-29T18:36:29.374000Z,2024-05-29T18:46:29.940000Z,,2024-05-29T18:47:10.059825Z,601.0,C15OJXAH,1573,45,Female,White,United States,United States,United States,English,DATA_EXPIRED,DATA_EXPIRED
665776ab3237019115442965,5cb183d0bde8cf00179e42d5,AWAITING REVIEW,Not Applicable,2024-05-29T18:40:49.136000Z,2024-05-29T18:46:34.438000Z,,2024-05-29T18:47:11.477740Z,346.0,C15OJXAH,1789,26,Female,Mixed,United States,United States,United States,English,No,"Not in paid work (e.g. homemaker', 'retired or disabled)"
665777ec28b10312e5570265,5c7afb18de6f7900150c33d2,AWAITING REVIEW,Not Applicable,2024-05-29T18:46:19.569000Z,2024-05-29T19:02:56.700000Z,,2024-05-29T19:02:57.621745Z,998.0,C15OJXAH,2352,71,Male,White,United States,United States,United States,English,DATA_EXPIRED,"Not in paid work (e.g. homemaker', 'retired or disabled)"
6657783451cf2402886e5d7e,611994820071da2beee434ea,AWAITING REVIEW,Not Applicable,2024-05-29T18:47:21.099000Z,2024-05-29T18:57:18.011000Z,,2024-05-29T18:58:08.650176Z,597.0,C15OJXAH,2959,26,Female,White,United States,United States,United States,English,No,Full-Time
665778bd383d6a4fe04e847f,5bc32eb1518d030001358396,AWAITING REVIEW,Not Applicable,2024-05-29T18:49:44.960000Z,2024-05-29T19:08:22.227000Z,,2024-05-29T19:08:22.686973Z,1118.0,C15OJXAH,1591,39,Male,White,United States,United States,United States,English,DATA_EXPIRED,DATA_EXPIRED
6657791423c656a2f6ae177e,594d4f0aa186be000114ce1d,AWAITING REVIEW,Not Applicable,2024-05-29T18:51:10.570000Z,2024-05-29T19:05:33.436000Z,,2024-05-29T19:05:37.033293Z,863.0,C15OJXAH,1350,31,Male,Mixed,United States,United States,United States,English,No,DATA_EXPIRED
665779ef228463969a5a4922,5cbde499f015c800186299f2,AWAITING REVIEW,Not Applicable,2024-05-29T18:54:45.521000Z,2024-05-29T19:03:59.472000Z,,2024-05-29T19:03:59.891824Z,554.0,C15OJXAH,2130,55,Female,White,United States,United States,United States,English,DATA_EXPIRED,DATA_EXPIRED
66577af68946f4ed5f7a0ace,6155b9c45f96867d9d9631fd,AWAITING REVIEW,Not Applicable,2024-05-29T19:03:17.637000Z,2024-05-29T19:15:18.918000Z,,2024-05-29T19:15:19.456254Z,722.0,C15OJXAH,1746,31,Female,White,United States,United States,United States,English,DATA_EXPIRED,DATA_EXPIRED
66577af73237019115442a50,5ec9cf3ed4642d4ebb802b42,AWAITING REVIEW,Not Applicable,2024-05-29T18:59:06.984000Z,2024-05-29T19:07:47.552000Z,,2024-05-29T19:07:48.265022Z,521.0,C15OJXAH,2720,56,Male,White,United States,United States,United States,English,No,Full-Time
66577b1040d04186628e32d6,62869a1b7fff9c9a48fe6087,AWAITING REVIEW,Not Applicable,2024-05-29T18:59:28.402000Z,2024-05-29T19:09:43.280000Z,,2024-05-29T19:12:07.278990Z,615.0,C15OJXAH,2209,60,Female,White,United States,United States,United States,English,DATA_EXPIRED,DATA_EXPIRED
66577b965db577d15c359b34,60e9fd8a2f52070be49cf317,AWAITING REVIEW,Not Applicable,2024-05-29T19:01:46.711000Z,2024-05-29T19:08:07.480000Z,,2024-05-29T19:08:08.049785Z,381.0,C15OJXAH,4900,24,Male,White,United States,United States,United States,English,No,Full-Time
66577b9bee3c561ea2f98543,5f4849042648171ef6c2cdf8,AWAITING REVIEW,Not Applicable,2024-05-29T19:01:51.503000Z,2024-05-29T19:10:41.576000Z,,2024-05-29T19:12:42.193879Z,531.0,C15OJXAH,1080,31,Female,Black,United States,United States,United States,English,No,Other
66577be492ec5e2c1d517f18,55ced0d234e9060012e5677c,AWAITING REVIEW,Not Applicable,2024-05-29T19:03:06.462000Z,2024-05-29T19:11:32.204000Z,,2024-05-29T19:13:18.191400Z,506.0,C15OJXAH,1758,41,Female,White,United States,United States,United States,English,DATA_EXPIRED,DATA_EXPIRED
66577c39d450c094bccb1bc1,60bae671bf92bf34f7a774ce,AWAITING REVIEW,Not Applicable,2024-05-29T19:04:31.332000Z,2024-05-29T19:22:26.019000Z,,2024-05-29T19:24:59.268546Z,1075.0,C15OJXAH,2997,70,Female,White,United States,United States,United States,English,No,DATA_EXPIRED
66577c451650a5472427efff,62d44d484a28cd313e2c3ba4,AWAITING REVIEW,Not Applicable,2024-05-29T19:04:47.804000Z,2024-05-29T19:14:45.208000Z,,2024-05-29T19:15:06.519642Z,598.0,C15OJXAH,4140,54,Female,White,United States,United States,United States,English,DATA_EXPIRED,DATA_EXPIRED
66577c5743f15a7927283df0,611341c34be95409850e4341,AWAITING REVIEW,Not Applicable,2024-05-29T19:05:03.962000Z,2024-05-29T19:22:31.456000Z,,2024-05-29T19:25:03.314763Z,1048.0,C15OJXAH,2623,53,Female,White,United States,United States,United States,English,No,Full-Time
66577cb94d3e3430efe167fd,612e1df9913c996adb2a42a6,AWAITING REVIEW,Not Applicable,2024-05-29T19:06:38.664000Z,2024-05-29T19:30:32.159000Z,,2024-05-29T19:30:32.722750Z,1434.0,C15OJXAH,2324,66,Female,Black,United States,United States,United States,English,DATA_EXPIRED,DATA_EXPIRED
66577dcf3401833067c68e73,607ec28e6a0bde56a9d69ddc,AWAITING REVIEW,Not Applicable,2024-05-29T19:11:17.739000Z,2024-05-29T19:33:55.800000Z,,2024-05-29T19:35:24.835030Z,1359.0,C15OJXAH,1712,60,Male,White,Serbia,United States,United States,English,No,Full-Time
66577e6dd6843795680584b7,5f1b84872171f838a8a3cfa9,AWAITING REVIEW,Not Applicable,2024-05-29T19:16:17.485000Z,2024-05-29T19:36:19.428000Z,,2024-05-29T19:36:20.068358Z,1202.0,C15OJXAH,1337,43,Male,White,United States,United States,United States,English,No,Unemployed (and job seeking)
66577e791f5820de30e93a65,62749fbd70a9fa9d1450f775,AWAITING REVIEW,Not Applicable,2024-05-29T19:21:11.800000Z,2024-05-29T19:34:01.493000Z,,2024-05-29T19:35:25.769660Z,770.0,C15OJXAH,4508,43,Male,Asian,United States,United States,United States,English,DATA_EXPIRED,DATA_EXPIRED
66577eb72bdbeda21619f2f1,5ddd730ffce606ce31a105d4,AWAITING REVIEW,Not Applicable,2024-05-29T19:15:08.561000Z,2024-05-29T19:25:42.369000Z,,2024-05-29T19:26:30.231201Z,634.0,C15OJXAH,1488,42,Female,White,United States,United States,United States,English,No,DATA_EXPIRED
66577eccd176949d79ff07a2,6102c81e911700cf7ba5f6bd,AWAITING REVIEW,Not Applicable,2024-05-29T19:15:34.545000Z,2024-05-29T19:21:53.569000Z,,2024-05-29T19:21:59.373810Z,380.0,C15OJXAH,1822,36,Male,White,United States,United States,United States,English,DATA_EXPIRED,DATA_EXPIRED
66577efdb651b453ebb039a8,615212aaa4b41922e0765736,AWAITING REVIEW,Not Applicable,2024-05-29T19:16:18.963000Z,2024-05-29T19:24:25.073000Z,,2024-05-29T19:25:46.382977Z,487.0,C15OJXAH,3434,53,Female,White,United States,United States,United States,English,No,"Not in paid work (e.g. homemaker', 'retired or disabled)"
66577efee2ba9ae37d367378,5834a80a106ee1000120abd3,AWAITING REVIEW,Not Applicable,2024-05-29T19:16:19.529000Z,2024-05-29T19:32:02.347000Z,,2024-05-29T19:32:02.753790Z,943.0,C15OJXAH,1067,65,Female,White,United States,United States,United States,English,No,"Not in paid work (e.g. homemaker', 'retired or disabled)"
66577f24ae3119b9eaf985eb,5e9fc65dee2ccf178f0e413f,AWAITING REVIEW,Not Applicable,2024-05-29T19:17:02.427000Z,2024-05-29T19:28:53.445000Z,,2024-05-29T19:28:53.986760Z,712.0,C15OJXAH,5309,55,Female,White,United States,United States,United States,English,No,Part-Time
66577f56c69c7faa76e7386f,55fc2b4377f33b000ecb21ed,AWAITING REVIEW,Not Applicable,2024-05-29T19:17:48.028000Z,2024-05-29T19:29:19.002000Z,,2024-05-29T19:29:19.606456Z,691.0,C15OJXAH,1711,37,Male,White,United States,United States,United States,English,No,Full-Time
66577f80c55278d166c08833,615880a66bc32302998866d9,AWAITING REVIEW,Not Applicable,2024-05-29T19:18:28.174000Z,2024-05-29T19:27:34.229000Z,,2024-05-29T19:27:36.351858Z,547.0,C15OJXAH,2940,57,Female,Asian,United States,United States,United States,English,No,DATA_EXPIRED
66577fabfcc730c6d46e1400,60ff6ef6dc8f29d5774ef2fc,AWAITING REVIEW,Not Applicable,2024-05-29T19:19:13.283000Z,2024-05-29T19:25:39.904000Z,,2024-05-29T19:26:27.099793Z,387.0,C15OJXAH,1012,37,Female,White,United States,United States,United States,English,No,DATA_EXPIRED
66577fc991f71cd7317b954e,5f52c941fc18905c7e8f78fd,AWAITING REVIEW,Not Applicable,2024-05-29T19:20:07.654000Z,2024-05-29T19:31:59.058000Z,,2024-05-29T19:31:59.539178Z,712.0,C15OJXAH,3331,45,Male,White,United States,United States,United States,English,No,DATA_EXPIRED
66577ffeb651b453ebb039e7,5c720c7278263500015665f9,AWAITING REVIEW,Not Applicable,2024-05-29T19:20:37.105000Z,2024-05-29T19:34:56.038000Z,,2024-05-29T19:35:37.725204Z,859.0,C15OJXAH,3323,41,Male,Mixed,United States,United States,United States,English,DATA_EXPIRED,DATA_EXPIRED
6657809249d4c30ce9fb2415,5f4a5b3dccae1c5e215cfe3e,AWAITING REVIEW,Not Applicable,2024-05-29T19:23:06.607000Z,2024-05-29T19:27:28.266000Z,,2024-05-29T19:27:33.683485Z,262.0,C15OJXAH,1304,30,Female,White,United States,United States,United States,English,No,Unemployed (and job seeking)
66578095167444180ef3f52b,5c10724111fe9a00013cd815,AWAITING REVIEW,Not Applicable,2024-05-29T19:23:12.035000Z,2024-05-29T19:33:29.828000Z,,2024-05-29T19:35:20.221069Z,618.0,C15OJXAH,2767,58,Female,Black,United States,United States,United States,English,No,DATA_EXPIRED
665780b7c8835dc947089449,60feb2be3bb57f04327c03f4,AWAITING REVIEW,Not Applicable,2024-05-29T19:23:38.749000Z,2024-05-29T19:30:38.513000Z,,2024-05-29T19:30:39.099512Z,420.0,C15OJXAH,4379,52,Male,White,Australia,United States,United States,English,No,Full-Time
665780e1690d595920a69f74,63b6dab91b4487aede17f891,AWAITING REVIEW,Not Applicable,2024-05-29T19:24:24.306000Z,2024-05-29T19:31:56.989000Z,,2024-05-29T19:31:57.572744Z,453.0,C15OJXAH,2077,36,Female,White,United States,United States,United States,English,No,Full-Time
665780ef04e3a81685187a50,648786bd2c580f666fb051cd,AWAITING REVIEW,Not Applicable,2024-05-29T19:24:39.483000Z,2024-05-29T19:37:47.978000Z,,2024-05-29T19:37:48.436336Z,789.0,C15OJXAH,1414,49,Female,Black,United States,United States,United States,English,No,Full-Time
66578117af275b30715fdc22,56f59251736c79000c2241f7,AWAITING REVIEW,Not Applicable,2024-05-29T19:25:15.641000Z,2024-05-29T19:30:40.036000Z,,2024-05-29T19:30:40.731651Z,325.0,C15OJXAH,6960,34,Male,White,United States,United States,United States,English,No,DATA_EXPIRED
6657812f95cc9ccd2b0b77e3,63eb82da9758a485a67914a2,AWAITING REVIEW,Not Applicable,2024-05-29T19:29:54.157000Z,2024-05-29T19:49:37.144000Z,,2024-05-29T19:49:41.360786Z,1183.0,C15OJXAH,1743,40,Male,White,United States,United States,United States,English,DATA_EXPIRED,DATA_EXPIRED
6657813fc55278d166c08893,6413599d52dc6500b2430165,AWAITING REVIEW,Not Applicable,2024-05-29T19:25:56.727000Z,2024-05-29T19:32:47.777000Z,,2024-05-29T19:35:08.881865Z,412.0,C15OJXAH,2327,45,Female,White,United States,United States,United States,English,No,"Not in paid work (e.g. homemaker', 'retired or disabled)"
66578162abdbd8f259109dca,5f4ad685a1429a13599bfb44,AWAITING REVIEW,Not Applicable,2024-05-29T19:26:31.688000Z,2024-05-29T19:37:14.506000Z,,2024-05-29T19:37:15.042838Z,643.0,C15OJXAH,2424,41,Female,White,United States,United States,United States,English,No,DATA_EXPIRED
66578186bd7671fa41307188,6400eea126c44543bb49dc75,AWAITING REVIEW,Not Applicable,2024-05-29T19:29:31.870000Z,2024-05-29T19:37:22.454000Z,,2024-05-29T19:37:22.942747Z,471.0,C15OJXAH,1498,40,Male,White,United States,United States,United States,English,DATA_EXPIRED,DATA_EXPIRED
665781bc45b1539c53753ed6,568e7f66e3ef9e000ba1a089,AWAITING REVIEW,Not Applicable,2024-05-29T19:28:00.427000Z,2024-05-29T19:38:59.125000Z,,2024-05-29T19:38:59.774749Z,659.0,C15OJXAH,2552,65,Female,White,United States,United States,United States,English,No,"Not in paid work (e.g. homemaker', 'retired or disabled)"
665781c06b35f257ed77ec13,5a188836087f2e0001eaf744,AWAITING REVIEW,Not Applicable,2024-05-29T19:28:05.251000Z,2024-05-29T19:38:11.678000Z,,2024-05-29T19:38:12.489435Z,607.0,C15OJXAH,3232,38,Female,Black,United States,United States,United States,English,DATA_EXPIRED,DATA_EXPIRED
665781e88ba415969ed7af44,60fcb7afde5ab78707e377d6,AWAITING REVIEW,Not Applicable,2024-05-29T19:28:46.454000Z,2024-05-29T19:35:07.947000Z,,2024-05-29T19:35:40.856556Z,382.0,C15OJXAH,1801,25,Female,White,United States,United States,United States,English,No,Full-Time
6657826cf8e33e4325fa37d9,63fd36ced691b83466652931,AWAITING REVIEW,Not Applicable,2024-05-29T19:30:59.968000Z,2024-05-29T19:47:10.822000Z,,2024-05-29T20:47:21.472241Z,971.0,C15OJXAH,1622,58,Male,White,DATA_EXPIRED,United States,United States,English,DATA_EXPIRED,Full-Time
665782883ef13a0328c34118,63ff85248ee53feba08a05fe,AWAITING REVIEW,Not Applicable,2024-05-29T19:31:25.235000Z,2024-05-29T19:42:52.936000Z,,2024-05-29T19:45:06.729166Z,688.0,C15OJXAH,1068,52,Male,White,United States,United States,United States,English,No,DATA_EXPIRED
6657828c3e86d947fcd8260b,641c0a284d38c6abbc523a9d,AWAITING REVIEW,Not Applicable,2024-05-29T19:39:54.282000Z,2024-05-29T19:56:15.382000Z,,2024-05-29T19:56:16.352507Z,982.0,C15OJXAH,1552,31,Male,Asian,United States,United States,United States,English,No,Unemployed (and job seeking)
665789539ae495e94c1fe00f,5fc5ab0e7bad151445fc8594,AWAITING REVIEW,Not Applicable,2024-05-29T20:00:26.116000Z,2024-05-29T20:13:58.719000Z,,2024-05-29T20:13:59.413567Z,813.0,C15OJXAH,1773,32,Male,DATA_EXPIRED,United States,United States,United States,English,No,DATA_EXPIRED
66579222a720deef8acb14c3,60ff7c8f4f066ccf6fe05587,AWAITING REVIEW,Not Applicable,2024-05-29T20:38:02.564000Z,2024-05-29T20:45:17.428000Z,,2024-05-29T20:45:18.408645Z,435.0,C15OJXAH,1303,27,Female,White,United States,United States,United States,English,No,Full-Time
665792264d8acc7211fce09f,600dd1ea271cf06201979123,AWAITING REVIEW,Not Applicable,2024-05-29T20:38:03.515000Z,2024-05-29T20:46:26.079000Z,,2024-05-29T20:46:26.485884Z,503.0,C15OJXAH,1887,24,Female,White,United States,United States,United States,English,No,"Not in paid work (e.g. homemaker', 'retired or disabled)"
6657922a9d4a78e937890937,62959d1553cc14e98f4b8d78,AWAITING REVIEW,Not Applicable,2024-05-29T20:39:39.916000Z,2024-05-29T20:48:29.428000Z,,2024-05-29T20:48:29.979825Z,530.0,C15OJXAH,4666,28,Male,Asian,United States,United States,United States,English,DATA_EXPIRED,DATA_EXPIRED
6657922d74a8e5165543c8ef,632b9d9bc38454f47019295c,AWAITING REVIEW,Not Applicable,2024-05-29T20:38:25.722000Z,2024-05-29T20:55:21.700000Z,,2024-05-29T20:55:22.191081Z,1016.0,C15OJXAH,2835,45,Male,White,United States,United States,United States,English,No,Unemployed (and job seeking)
66579232bd3c48cab369b629,5c2eb9c30091e40001cba678,AWAITING REVIEW,Not Applicable,2024-05-29T20:38:13.645000Z,2024-05-29T20:46:33.200000Z,,2024-05-29T20:46:35.066170Z,500.0,C15OJXAH,2480,43,Female,Black,United States,United States,United States,English,No,DATA_EXPIRED
6657923503892b97df880ae4,5f121091e95fdc03b5e897d0,AWAITING REVIEW,Not Applicable,2024-05-29T20:38:19.432000Z,2024-05-29T20:45:33.751000Z,,2024-05-29T20:45:34.180743Z,435.0,C15OJXAH,2538,30,Female,White,United States,United States,United States,English,DATA_EXPIRED,DATA_EXPIRED
66579235b31277676b8a779b,5e38e79295ff561112eae457,AWAITING REVIEW,Not Applicable,2024-05-29T20:38:18.019000Z,2024-05-29T20:56:12.399000Z,,2024-05-29T20:56:12.862247Z,1075.0,C15OJXAH,4967,38,Male,White,United States,United States,United States,English,No,DATA_EXPIRED
665792376f27714bd610cced,5654175604212700054a12b1,AWAITING REVIEW,Not Applicable,2024-05-29T20:38:49.696000Z,2024-05-29T20:44:50.009000Z,,2024-05-29T20:44:50.670086Z,361.0,C15OJXAH,2956,33,Male,Asian,Korea,United States,United States,English,DATA_EXPIRED,DATA_EXPIRED
66579237e19bba6ec61fe1c4,56849d528f456f000c45e1dd,AWAITING REVIEW,Not Applicable,2024-05-29T20:38:21.467000Z,2024-05-29T20:55:03.747000Z,,2024-05-29T20:55:04.201223Z,1003.0,C15OJXAH,5736,37,Female,Black,United States,United States,United States,English,Yes,Full-Time
6657923eb651b453ebb03e3c,5e8b9c7054a5cc07dd6e174d,AWAITING REVIEW,Not Applicable,2024-05-29T20:38:28.172000Z,2024-05-29T20:51:02.942000Z,,2024-05-29T20:52:19.224933Z,755.0,C15OJXAH,2138,51,Male,White,United States,United States,United States,English,No,Part-Time
665792411f5820de30e93e44,63174b4e900ff6c7b0444f29,AWAITING REVIEW,Not Applicable,2024-05-29T20:38:31.633000Z,2024-05-29T20:49:21.545000Z,,2024-05-29T20:49:45.829023Z,650.0,C15OJXAH,3196,49,Female,Black,United States,United States,United States,English,DATA_EXPIRED,DATA_EXPIRED
66579243430fdfc33377c83a,5fc8a956800c80232e0b7a32,AWAITING REVIEW,Not Applicable,2024-05-29T20:38:27.796000Z,2024-05-29T20:45:45.372000Z,,2024-05-29T20:45:45.904632Z,438.0,C15OJXAH,4335,29,Female,Asian,United States,United States,United States,English,No,DATA_EXPIRED
66579244ec2b45982c0cd3ef,63e52483a88355a3a0ac62c5,AWAITING REVIEW,Not Applicable,2024-05-29T20:38:34.194000Z,2024-05-29T20:48:51.536000Z,,2024-05-29T20:49:26.809720Z,618.0,C15OJXAH,2180,35,Male,White,United States,United States,United States,English,No,DATA_EXPIRED
6657924a1bed3a3a59b99006,611bed11fa6a3b35c9226c29,AWAITING REVIEW,Not Applicable,2024-05-29T20:38:41.299000Z,2024-05-29T20:47:29.480000Z,,2024-05-29T20:47:29.978469Z,529.0,C15OJXAH,6048,68,Male,White,United States,United States,United States,English,No,"Not in paid work (e.g. homemaker', 'retired or disabled)"
665792535e5d094b79de45bb,64135dd9d2ef675b8e1799ef,AWAITING REVIEW,Not Applicable,2024-05-29T20:38:50.570000Z,2024-05-29T20:51:11.745000Z,,2024-05-29T20:52:23.222263Z,742.0,C15OJXAH,1339,32,Male,DATA_EXPIRED,United States,United States,United States,English,DATA_EXPIRED,Part-Time
6657925495cc9ccd2b0b7bab,5d16badb7b0154001a282fdb,AWAITING REVIEW,Not Applicable,2024-05-29T20:38:50.444000Z,2024-05-29T20:49:24.213000Z,,2024-05-29T20:51:52.266652Z,634.0,C15OJXAH,3399,69,Female,Black,United States,United States,United States,English,DATA_EXPIRED,DATA_EXPIRED
6657925676ac1e0591ba75d9,63eaa9f8f0637c961dcfc277,AWAITING REVIEW,Not Applicable,2024-05-29T20:38:50.128000Z,2024-05-29T20:47:16.396000Z,,2024-05-29T20:47:16.829211Z,507.0,C15OJXAH,2561,46,Female,White,United States,United States,United States,English,No,"Not in paid work (e.g. homemaker', 'retired or disabled)"
6657925993aac0c4805dc949,6402682f1a17d6c87f4f3a89,AWAITING REVIEW,Not Applicable,2024-05-29T20:41:04.098000Z,2024-05-29T20:52:06.505000Z,,2024-05-29T20:52:36.238943Z,663.0,C15OJXAH,4375,40,Male,White,United States,United States,United States,English,No,Full-Time
665792599ae495e94c1fe26d,5ac8328afa3b4e0001738e4e,AWAITING REVIEW,Not Applicable,2024-05-29T20:38:54.724000Z,2024-05-29T20:49:18.756000Z,,2024-05-29T20:49:43.627026Z,625.0,C15OJXAH,1185,60,Female,White,United States,United States,United States,English,No,DATA_EXPIRED
6657925c480d7e783d0b7ba9,5c7f489defd9e20015751167,AWAITING REVIEW,Not Applicable,2024-05-29T20:38:57.945000Z,2024-05-29T20:46:05.790000Z,,2024-05-29T20:46:06.335854Z,428.0,C15OJXAH,1314,41,Male,White,United States,United States,United States,English,No,Full-Time
6657925d2bdbeda21619f730,64d415333022f743dc10a219,AWAITING REVIEW,Not Applicable,2024-05-29T20:39:30.140000Z,2024-05-29T20:53:23.968000Z,,2024-05-29T20:53:24.414873Z,834.0,C15OJXAH,1542,61,Female,White,United States,United States,United States,English,DATA_EXPIRED,DATA_EXPIRED
6657925e5b6c4b9ca0995815,559c3ae1fdf99b32b55f2d33,AWAITING REVIEW,Not Applicable,2024-05-29T20:39:03.316000Z,2024-05-29T20:47:12.177000Z,,2024-05-29T20:47:12.639108Z,489.0,C15OJXAH,2120,37,Male,White,United States,United States,United States,English,No,Full-Time
6657925f794b3a3efc7b9978,6400ed09421b2727c2f7c553,AWAITING REVIEW,Not Applicable,2024-05-29T20:39:01.747000Z,2024-05-29T20:55:55.700000Z,,2024-05-29T20:55:56.227987Z,1014.0,C15OJXAH,1547,39,Male,White,DATA_EXPIRED,United States,United States,English,DATA_EXPIRED,DATA_EXPIRED
6657926189971b4f6cbee2d1,641361951f32a46c07479b33,AWAITING REVIEW,Not Applicable,2024-05-29T20:39:05.196000Z,2024-05-29T20:48:10.858000Z,,2024-05-29T20:48:11.362281Z,546.0,C15OJXAH,2799,37,Female,White,United States,United States,United States,English,DATA_EXPIRED,DATA_EXPIRED
6657926204e3a81685187e1e,5e1f8fbfb202032c463f3e06,AWAITING REVIEW,Not Applicable,2024-05-29T20:39:50.667000Z,2024-05-29T20:53:16.961000Z,,2024-05-29T20:53:17.513361Z,807.0,C15OJXAH,7173,63,Female,White,United States,United States,United States,English,No,Part-Time
6657926289971b4f6cbee2d5,5dec01e809c107301c5e307f,AWAITING REVIEW,Not Applicable,2024-05-29T20:39:13.463000Z,2024-05-29T20:54:27.521000Z,,2024-05-29T20:54:28.321567Z,915.0,C15OJXAH,4228,60,Female,White,United States,United States,United States,English,No,DATA_EXPIRED
665792636003e3601401a5ff,637b04a69794763b20491590,AWAITING REVIEW,Not Applicable,2024-05-29T20:38:59.350000Z,2024-05-29T20:50:42.649000Z,,2024-05-29T20:52:10.822292Z,704.0,C15OJXAH,3383,57,Male,White,United States,United States,United States,English,DATA_EXPIRED,DATA_EXPIRED
66579266c8835dc947089859,631a9f635762d2b83a53202b,AWAITING REVIEW,Not Applicable,2024-05-29T20:39:05.427000Z,2024-05-29T20:55:23.703000Z,,2024-05-29T20:55:24.220120Z,979.0,C15OJXAH,3145,32,Male,White,United States,United States,United States,English,No,Full-Time
66579267ec2b45982c0cd3fb,628f9ef985fa6d3dc816672c,AWAITING REVIEW,Not Applicable,2024-05-29T20:43:31.451000Z,2024-05-29T20:54:50.629000Z,,2024-05-29T20:54:51.129027Z,680.0,C15OJXAH,3460,32,Male,Other,United States,United States,United States,English,DATA_EXPIRED,DATA_EXPIRED
6657926b8e2b4a710cb8a349,559e82dffdf99b7a9a124180,AWAITING REVIEW,Not Applicable,2024-05-29T20:39:07.732000Z,2024-05-29T20:52:17.933000Z,,2024-05-29T20:52:40.377033Z,791.0,C15OJXAH,1643,48,Female,White,United States,United States,United States,English,No,Full-Time
6657926eb08ee19093b53955,63d86d675509ff61463bddcd,AWAITING REVIEW,Not Applicable,2024-05-29T20:47:12.164000Z,2024-05-29T21:17:04.019000Z,,2024-05-29T21:17:05.412236Z,1792.0,C15OJXAH,2564,27,Female,Black,United States,United States,United States,English,Yes,DATA_EXPIRED
6657926f7b985b0425e2afc0,6594720fa43b97e09c261749,AWAITING REVIEW,Not Applicable,2024-05-29T20:39:35.248000Z,2024-05-29T20:49:55.902000Z,,2024-05-29T20:52:01.727012Z,621.0,C15OJXAH,1091,42,Female,Black,United States,United States,United States,English,No,DATA_EXPIRED
6657926fec682fff2873a3b0,63d3f95bba922834f0e8ac39,AWAITING REVIEW,Not Applicable,2024-05-29T20:39:15.715000Z,2024-05-29T20:44:51.675000Z,,2024-05-29T20:44:52.336407Z,336.0,C15OJXAH,2148,31,Male,White,United States,United States,United States,English,No,Unemployed (and job seeking)
66579274e2ba9ae37d367759,59b941556495ef00019fbc80,AWAITING REVIEW,Not Applicable,2024-05-29T20:39:22.541000Z,2024-05-29T20:46:59.034000Z,,2024-05-29T20:46:59.936190Z,457.0,C15OJXAH,1061,59,Female,Mixed,United States,United States,United States,English,No,Part-Time
665792763e86d947fcd8294a,5d4bed118cbe900016c1f6d0,AWAITING REVIEW,Not Applicable,2024-05-29T20:39:24.250000Z,2024-05-29T20:47:34.887000Z,,2024-05-29T20:47:35.487790Z,491.0,C15OJXAH,2454,32,Male,White,United States,United States,United States,English,DATA_EXPIRED,DATA_EXPIRED
66579278e5ee9db44cd36c69,63ade94905e590dbf726b7fb,AWAITING REVIEW,Not Applicable,2024-05-29T20:40:04.414000Z,2024-05-29T21:07:07.133000Z,,2024-05-29T21:07:07.646246Z,1623.0,C15OJXAH,1001,50,Male,Black,Ghana,United States,United States,English,DATA_EXPIRED,DATA_EXPIRED
6657927974a8e5165543c8fd,5e8601d90126b207e8c7a2aa,AWAITING REVIEW,Not Applicable,2024-05-29T20:39:25.888000Z,2024-05-29T20:48:42.407000Z,,2024-05-29T20:49:20.934068Z,557.0,C15OJXAH,6566,43,Female,White,United States,United States,United States,English,DATA_EXPIRED,DATA_EXPIRED
6657927a04f7a32c8a3aad71,612bb0cdecc9e45781bbf511,AWAITING REVIEW,Not Applicable,2024-05-29T20:39:29.340000Z,2024-05-29T20:44:42.985000Z,,2024-05-29T20:44:43.625983Z,314.0,C15OJXAH,6899,53,Male,White,United States,United States,United States,English,No,Full-Time
6657927b40f706e2b22ce8e0,5eaca76bcf6b3914ba0fbfe0,AWAITING REVIEW,Not Applicable,2024-05-29T20:39:27.731000Z,2024-05-29T20:47:16.830000Z,,2024-05-29T20:47:17.243298Z,470.0,C15OJXAH,2264,44,Female,White,United States,United States,United States,English,No,DATA_EXPIRED
6657927ed4ef789b494b24d4,5e0d256753e8464d64940925,AWAITING REVIEW,Not Applicable,2024-05-29T20:39:32.148000Z,2024-05-29T20:48:59.639000Z,,2024-05-29T20:49:29.824647Z,568.0,C15OJXAH,6625,57,Female,White,United States,United States,United States,English,No,"Not in paid work (e.g. homemaker', 'retired or disabled)"
66579286b651b453ebb03e4c,5f084a7987a3fe028ff65b8a,AWAITING REVIEW,Not Applicable,2024-05-29T20:39:42.609000Z,2024-05-29T20:50:09.288000Z,,2024-05-29T20:52:06.053161Z,627.0,C15OJXAH,5167,43,Female,White,United States,United States,United States,English,DATA_EXPIRED,DATA_EXPIRED
665792886c9e170b805a4e5e,6521ab1c4a2ffd6c21a3b662,AWAITING REVIEW,Not Applicable,2024-05-29T20:45:28.729000Z,2024-05-29T20:53:57.615000Z,,2024-05-29T20:53:58.136447Z,509.0,C15OJXAH,1191,24,Female,Asian,United States,United States,United States,English,DATA_EXPIRED,DATA_EXPIRED
6657928a4bef0a0d27ea5a93,5c2dea19d396500001e2b39d,AWAITING REVIEW,Not Applicable,2024-05-29T20:39:42.608000Z,2024-05-29T20:46:00.066000Z,,2024-05-29T20:46:00.759855Z,378.0,C15OJXAH,1398,30,Female,White,United States,United States,United States,English,No,Unemployed (and job seeking)
6657928ad1b3a7bd556e1942,63d3fa0d6c990bc96e11becf,AWAITING REVIEW,Not Applicable,2024-05-29T20:39:45.183000Z,2024-05-29T20:49:33.271000Z,,2024-05-29T20:51:55.205057Z,589.0,C15OJXAH,3941,48,Male,White,United States,United States,United States,English,No,"Not in paid work (e.g. homemaker', 'retired or disabled)"
6657929076ac1e0591ba762e,5d0e6b201b7ef6001a6346fc,AWAITING REVIEW,Not Applicable,2024-05-29T20:40:10.190000Z,2024-05-29T20:48:20.743000Z,,2024-05-29T20:48:21.315538Z,491.0,C15OJXAH,1380,23,Female,White,United States,United States,United States,English,No,DATA_EXPIRED
66579291476020bd2f6040ac,62c2e95abeb001900b8ab0cb,AWAITING REVIEW,Not Applicable,2024-05-29T20:39:53.259000Z,2024-05-29T21:16:41.223000Z,,2024-05-29T21:16:42.576037Z,2208.0,C15OJXAH,1477,34,Male,Black,United States,United States,United States,English,DATA_EXPIRED,DATA_EXPIRED
66579293baa0b047b63e26f4,5d8d12f6d88e3a00142c9751,AWAITING REVIEW,Not Applicable,2024-05-29T20:39:54.088000Z,2024-05-29T20:46:55.039000Z,,2024-05-29T20:46:55.693016Z,421.0,C15OJXAH,5669,38,Male,White,United States,United States,United States,English,No,DATA_EXPIRED
66579294c69c7faa76e73c7c,634282de38138fa9316eb482,AWAITING REVIEW,Not Applicable,2024-05-29T20:42:57.490000Z,2024-05-29T21:17:31.115000Z,,2024-05-29T21:17:32.195942Z,2074.0,C15OJXAH,2807,31,Male,Black,United States,United States,United States,English,DATA_EXPIRED,DATA_EXPIRED
665792952c1e99aa0a21207e,607c9f94cc974d4ea1dc22c8,AWAITING REVIEW,Not Applicable,2024-05-29T20:39:55.539000Z,2024-05-29T20:52:38.159000Z,,2024-05-29T20:52:44.879800Z,763.0,C15OJXAH,3330,67,Male,White,United States,United States,United States,English,No,"Not in paid work (e.g. homemaker', 'retired or disabled)"
66579296c69c7faa76e73c80,643d681fb11898ee6b771ccf,AWAITING REVIEW,Not Applicable,2024-05-29T20:39:52.683000Z,2024-05-29T20:49:18.561000Z,,2024-05-29T20:49:43.418185Z,566.0,C15OJXAH,3210,50,Female,White,United States,United States,United States,English,No,Other
66579296ecd7a80314f5fd46,644a9d92849b27eb99202a91,AWAITING REVIEW,Not Applicable,2024-05-29T20:39:59.790000Z,2024-05-29T20:49:14.586000Z,,2024-05-29T20:49:39.197052Z,555.0,C15OJXAH,2956,56,Female,White,United States,United States,United States,English,No,DATA_EXPIRED
66579297fdeeec2309284392,60d099f849987e86824eedcd,AWAITING REVIEW,Not Applicable,2024-05-29T20:40:50.785000Z,2024-05-29T20:50:09.210000Z,,2024-05-29T20:52:05.976874Z,559.0,C15OJXAH,4621,33,Female,White,United States,United States,United States,English,DATA_EXPIRED,DATA_EXPIRED
665792984271bb527e6e63cf,5608a73fd7def20012b7389d,AWAITING REVIEW,Not Applicable,2024-05-29T20:44:45.417000Z,2024-05-29T20:55:18.723000Z,,2024-05-29T20:55:19.174796Z,634.0,C15OJXAH,7569,36,Male,White,United States,United States,United States,English,DATA_EXPIRED,DATA_EXPIRED
6657929bb651b453ebb03e50,63df06a8c5ac5f3c6bf77e6f,AWAITING REVIEW,Not Applicable,2024-05-29T20:44:33.226000Z,2024-05-29T20:52:17.909000Z,,2024-05-29T20:52:40.539814Z,465.0,C15OJXAH,1924,57,Female,White,United States,United States,United States,English,DATA_EXPIRED,DATA_EXPIRED
6657929c681befa75ce9a0f7,651090beae417ded35c4ef2f,AWAITING REVIEW,Not Applicable,2024-05-29T20:40:31.419000Z,2024-05-29T20:54:16.098000Z,,2024-05-29T20:54:16.515346Z,825.0,C15OJXAH,1527,72,Female,White,United States,United States,United States,English,No,"Not in paid work (e.g. homemaker', 'retired or disabled)"
6657929e4ded70b419327dd9,62a73647a057bfcf74a8d20a,AWAITING REVIEW,Not Applicable,2024-05-29T20:40:02.320000Z,2024-05-29T20:44:51.479000Z,,2024-05-29T20:44:52.008027Z,290.0,C15OJXAH,2996,29,Male,White,United States,United States,United States,English,No,Full-Time
665792a0cf3a5161175719a2,5c209d9b10677f0001da5e38,AWAITING REVIEW,Not Applicable,2024-05-29T20:40:07.203000Z,2024-05-29T20:50:35.326000Z,,2024-05-29T20:52:09.685914Z,629.0,C15OJXAH,1016,56,Female,White,United States,United States,United States,English,No,Full-Time
665792a195cc9ccd2b0b7bc2,61705dad05413013eb3d7d00,AWAITING REVIEW,Not Applicable,2024-05-29T20:40:06.282000Z,2024-05-29T20:50:59.667000Z,,2024-05-29T20:52:18.054279Z,654.0,C15OJXAH,2169,45,Female,White,United States,United States,United States,English,No,DATA_EXPIRED
665792a26003e3601401a61d,631b485e2d1909111a6fb09a,AWAITING REVIEW,Not Applicable,2024-05-29T20:40:05.497000Z,2024-05-29T20:49:02.374000Z,,2024-05-29T20:49:31.232678Z,537.0,C15OJXAH,3972,33,Male,White,United States,United States,United States,English,DATA_EXPIRED,DATA_EXPIRED
665792a2bdb62dda81c08d8b,609122350e5b8e743ab41f79,AWAITING REVIEW,Not Applicable,2024-05-29T20:40:09.359000Z,2024-05-29T20:47:49.320000Z,,2024-05-29T20:47:49.926979Z,460.0,C15OJXAH,3740,41,Female,White,United States,United States,United States,English,No,"Not in paid work (e.g. homemaker', 'retired or disabled)"
665792a3ff0ff4d2fa1486df,62865e3456c142785cfad2a7,AWAITING REVIEW,Not Applicable,2024-05-29T20:49:20.724000Z,2024-05-29T21:01:07.048000Z,,2024-05-29T21:01:07.508948Z,707.0,C15OJXAH,2595,31,Male,Other,United States,United States,United States,English,No,Part-Time
665792a415c43f13423efe2a,63b9d3abc3ddc61c8c08fd84,AWAITING REVIEW,Not Applicable,2024-05-29T20:44:17.030000Z,2024-05-29T20:55:08.059000Z,,2024-05-29T20:55:08.499597Z,652.0,C15OJXAH,3711,49,Female,White,United States,United States,United States,English,DATA_EXPIRED,DATA_EXPIRED
665792a4fedf541d6edd92c8,62b35a7d9d9cd966ebcf3ef8,AWAITING REVIEW,Not Applicable,2024-05-29T20:40:07.234000Z,2024-05-29T20:52:55.457000Z,,2024-05-29T20:52:56.687998Z,769.0,C15OJXAH,3241,62,Female,White,United States Minor Outlying Islands,United States,United States,English,No,Part-Time
665792a594beed4f44ddd55a,6505afbedfdaf655c3cb53fb,AWAITING REVIEW,Not Applicable,2024-05-29T20:40:36.838000Z,2024-05-29T20:49:22.235000Z,,2024-05-29T20:49:46.248768Z,526.0,C15OJXAH,1349,24,Male,White,United States,United States,United States,English,DATA_EXPIRED,DATA_EXPIRED
665792a6da597cba6f1cf468,628de7e8ff1744a9717d7883,AWAITING REVIEW,Not Applicable,2024-05-29T20:40:13.072000Z,2024-05-29T20:53:31.937000Z,,2024-05-29T20:53:32.669159Z,799.0,C15OJXAH,4252,31,Male,Black,United States,United States,United States,English,DATA_EXPIRED,DATA_EXPIRED
665792a799081d55cdd36c18,5ddd54259be183036763f081,AWAITING REVIEW,Not Applicable,2024-05-29T20:40:14.367000Z,2024-05-29T20:52:48.965000Z,,2024-05-29T20:52:49.431914Z,755.0,C15OJXAH,1249,37,Female,DATA_EXPIRED,United States,United States,United States,English,DATA_EXPIRED,DATA_EXPIRED
665792aa94beed4f44ddd55c,57210674951c9b0011d3eaaa,AWAITING REVIEW,Not Applicable,2024-05-29T20:40:21.782000Z,2024-05-29T21:07:21.900000Z,,2024-05-29T21:07:22.417894Z,1621.0,C15OJXAH,4737,59,Male,Black,United States,United States,United States,English,DATA_EXPIRED,Full-Time
665792ac3431f6ebb88869f1,6320a1395b4e05325c746101,AWAITING REVIEW,Not Applicable,2024-05-29T20:40:15.283000Z,2024-05-29T20:45:10.562000Z,,2024-05-29T20:45:11.103887Z,296.0,C15OJXAH,1113,23,Male,White,United States,United States,United States,English,DATA_EXPIRED,DATA_EXPIRED
665792ac3431f6ebb88869f4,5c92aa671ce0cd00128c6c86,AWAITING REVIEW,Not Applicable,2024-05-29T20:40:16.452000Z,2024-05-29T20:46:36.801000Z,,2024-05-29T20:46:37.306748Z,381.0,C15OJXAH,1995,34,Male,White,United States,United States,United States,English,DATA_EXPIRED,DATA_EXPIRED
665792ad457c84106353b05f,5953462b2d8f240001481c53,AWAITING REVIEW,Not Applicable,2024-05-29T20:40:24.021000Z,2024-05-29T20:46:05.946000Z,,2024-05-29T20:46:06.445835Z,342.0,C15OJXAH,1626,29,Female,White,United States,United States,United States,English,DATA_EXPIRED,DATA_EXPIRED
665792ae6c9e170b805a4e64,62854bc2a3bb1ddef989b6b7,AWAITING REVIEW,Not Applicable,2024-05-29T20:46:50.940000Z,2024-05-29T21:06:30.356000Z,,2024-05-29T21:06:32.759223Z,1180.0,C15OJXAH,2187,33,Male,White,United States,United States,United States,English,No,Part-Time
665792af4bef0a0d27ea5a9d,6036f9b3b1842f8b659b18c7,AWAITING REVIEW,Not Applicable,2024-05-29T20:40:22.794000Z,2024-05-29T20:46:38.217000Z,,2024-05-29T20:46:38.750244Z,376.0,C15OJXAH,6632,30,Female,White,United States,United States,United States,English,DATA_EXPIRED,DATA_EXPIRED
665792b01efae8fa89b2570c,5ef319f3058d7f0178266918,AWAITING REVIEW,Not Applicable,2024-05-29T20:42:15.270000Z,2024-05-29T20:54:24.094000Z,,2024-05-29T20:54:24.708370Z,729.0,C15OJXAH,1693,48,Male,White,United States,United States,United States,English,No,DATA_EXPIRED
665792b0b9254b075ddfeebf,59f22a9fd6380600018b2929,AWAITING REVIEW,Not Applicable,2024-05-29T20:40:55.742000Z,2024-05-29T20:50:34.692000Z,,2024-05-29T20:52:09.982280Z,579.0,C15OJXAH,1136,28,Female,White,United States,United States,United States,English,DATA_EXPIRED,"Not in paid work (e.g. homemaker', 'retired or disabled)"
665792b2a9bb33a3101cf4f4,63fba9e68d9ff349947fece5,AWAITING REVIEW,Not Applicable,2024-05-29T20:40:27.129000Z,2024-05-29T20:54:48.756000Z,,2024-05-29T20:54:49.281567Z,862.0,C15OJXAH,1309,71,Male,White,United States,United States,United States,English,DATA_EXPIRED,DATA_EXPIRED
665792b41522714ef7571bbd,60fcd9699c3def3068403b90,AWAITING REVIEW,Not Applicable,2024-05-29T20:40:35.890000Z,2024-05-29T20:52:02.057000Z,,2024-05-29T20:52:35.801906Z,687.0,C15OJXAH,4612,36,Male,White,United States,United States,United States,English,DATA_EXPIRED,DATA_EXPIRED
665792b645671cf5a377c950,640e4ddaf9f67c6c8ea4936b,AWAITING REVIEW,Not Applicable,2024-05-29T20:40:29.731000Z,2024-05-29T21:00:29.195000Z,,2024-05-29T21:00:29.729018Z,1200.0,C15OJXAH,2773,66,Female,White,United States,United States,United States,English,No,"Not in paid work (e.g. homemaker', 'retired or disabled)"
665792b8c62b427c88187e04,6298f0e21abd78cb684b723c,AWAITING REVIEW,Not Applicable,2024-05-29T20:40:30.782000Z,2024-05-29T20:45:39.660000Z,,2024-05-29T20:45:40.134908Z,309.0,C15OJXAH,3084,46,Male,White,United States,United States,United States,English,DATA_EXPIRED,DATA_EXPIRED
665792bb533974ece4058990,63d73ed8b1c15ff155c74597,AWAITING REVIEW,Not Applicable,2024-05-29T20:40:32.101000Z,2024-05-29T20:53:35.319000Z,,2024-05-29T20:53:35.754366Z,784.0,C15OJXAH,2334,27,Male,Asian,United States,United States,United States,English,DATA_EXPIRED,Full-Time
665792bd2a087799023aae4e,6111a1893c0daa13e23ab15a,AWAITING REVIEW,Not Applicable,2024-05-29T20:40:56.581000Z,2024-05-29T20:51:30.193000Z,,2024-05-29T20:52:28.336414Z,634.0,C15OJXAH,3541,40,Male,Black,United States,United States,United States,English,DATA_EXPIRED,DATA_EXPIRED
665792bef8f30cac8a1cd6d4,62bd42b72c2ccddf753b655b,AWAITING REVIEW,Not Applicable,2024-05-29T20:40:37.466000Z,2024-05-29T20:51:35.013000Z,,2024-05-29T20:52:28.844577Z,658.0,C15OJXAH,2732,61,Female,White,United States,United States,United States,English,DATA_EXPIRED,DATA_EXPIRED
665792c184cedbe2cba480c9,63d7e70fd618cbdb3e2f3aa7,AWAITING REVIEW,Not Applicable,2024-05-29T20:40:37.946000Z,2024-05-29T20:50:35.735000Z,,2024-05-29T20:52:09.768604Z,598.0,C15OJXAH,3271,38,Female,White,United States,United States,United States,English,No,Part-Time
665792c23237019115442f9e,62bdfe451d380bec13a4a864,AWAITING REVIEW,Not Applicable,2024-05-29T20:41:29.773000Z,2024-05-29T20:49:11.652000Z,,2024-05-29T20:49:37.208257Z,462.0,C15OJXAH,4550,27,Female,White,United States,United States,United States,English,Yes,Part-Time
665792c27c36d98757dd932e,609ac8ca9e4928ec75d40a10,AWAITING REVIEW,Not Applicable,2024-05-29T20:40:39.172000Z,2024-05-29T20:51:42.795000Z,,2024-05-29T20:52:31.107664Z,664.0,C15OJXAH,1764,36,Female,White,United States,United States,United States,English,No,Full-Time
665792c55a92ed16a25ee081,5c3a865019ceb400010c914a,AWAITING REVIEW,Not Applicable,2024-05-29T20:40:42.172000Z,2024-05-29T20:46:53.842000Z,,2024-05-29T20:46:54.394702Z,372.0,C15OJXAH,6051,45,Male,White,United States,United States,United States,English,DATA_EXPIRED,DATA_EXPIRED
665792c93c30657b3954f005,5ea340a26c3ed82b0dbd4d9f,AWAITING REVIEW,Not Applicable,2024-05-29T20:40:51.658000Z,2024-05-29T20:46:12.705000Z,,2024-05-29T20:46:13.186397Z,322.0,C15OJXAH,3368,35,Female,White,United States,United States,United States,English,DATA_EXPIRED,DATA_EXPIRED
665792d907def77763fb3ef9,6485009845ccd180b889dcb9,AWAITING REVIEW,Not Applicable,2024-05-29T20:41:15.153000Z,2024-05-29T20:49:58.796000Z,,2024-05-29T20:52:02.869057Z,524.0,C15OJXAH,1991,49,Female,White,United States,United States,United States,English,No,Full-Time
665792d91522714ef7571bc4,5fcbe82a12a0c80009d6e9cf,AWAITING REVIEW,Not Applicable,2024-05-29T20:41:27.876000Z,2024-05-29T20:51:42.765000Z,,2024-05-29T20:52:30.742413Z,615.0,C15OJXAH,2555,30,Male,White,United States,United States,United States,English,No,Full-Time
665792db167444180ef3f8ce,5e80a85916cd8c000ad9cd65,AWAITING REVIEW,Not Applicable,2024-05-29T20:44:18.631000Z,2024-05-29T20:51:44.588000Z,,2024-05-29T20:52:30.241980Z,446.0,C15OJXAH,2441,38,Male,White,United States,United States,United States,English,No,Full-Time
665792db91f71cd7317b98de,5e8b89d0afcb1606e761ef7f,AWAITING REVIEW,Not Applicable,2024-05-29T20:41:04.012000Z,2024-05-29T20:46:40.214000Z,,2024-05-29T20:46:41.059001Z,337.0,C15OJXAH,6775,35,Male,White,United States,United States,United States,English,No,Full-Time
665792dcb9254b075ddfeecb,5ae11f9709eae20001132c22,AWAITING REVIEW,Not Applicable,2024-05-29T20:41:05.685000Z,2024-05-29T20:46:13.041000Z,,2024-05-29T20:46:13.570142Z,308.0,C15OJXAH,9185,38,Male,White,United States,United States,United States,English,No,Full-Time
665792dd5e1494d277aaf587,63d1675c8eef7f9792f55d42,AWAITING REVIEW,Not Applicable,2024-05-29T20:41:19.228000Z,2024-05-29T20:52:53.231000Z,,2024-05-29T20:52:55.452051Z,695.0,C15OJXAH,1114,34,Female,Black,United States,United States,United States,English,DATA_EXPIRED,Full-Time
665792de4aff42002d7d08de,5e6982499d7ba9245e58262a,AWAITING REVIEW,Not Applicable,2024-05-29T20:41:07.428000Z,2024-05-29T20:49:46.698000Z,,2024-05-29T20:52:00.377414Z,520.0,C15OJXAH,2835,43,Male,White,United States,United States,United States,English,No,Full-Time
665792df916558ed86d82a6d,5d2df745da13f60018d14b64,AWAITING REVIEW,Not Applicable,2024-05-29T20:41:06.480000Z,2024-05-29T20:47:16.841000Z,,2024-05-29T20:47:17.347625Z,371.0,C15OJXAH,6314,41,Male,White,United States,United States,United States,English,No,Full-Time
665792e72c1e99aa0a212090,605ff0746397c26c436b88af,AWAITING REVIEW,Not Applicable,2024-05-29T20:41:14.516000Z,2024-05-29T20:53:08.147000Z,,2024-05-29T20:53:08.686221Z,714.0,C15OJXAH,5732,34,Female,Asian,United States,United States,United States,English,DATA_EXPIRED,DATA_EXPIRED
665792e811fabbb508be5f1a,5f1091aa4bd173363a9700ec,AWAITING REVIEW,Not Applicable,2024-05-29T20:41:16.541000Z,2024-05-29T20:56:25.683000Z,,2024-05-29T20:56:26.046452Z,910.0,C15OJXAH,3473,29,Male,Mixed,United States,United States,United States,English,Yes,Full-Time
665792e95b6c4b9ca099583a,633e327052bcc8b44d6e0d2c,AWAITING REVIEW,Not Applicable,2024-05-29T20:41:16.776000Z,2024-05-29T20:50:02.090000Z,,2024-05-29T20:52:04.348713Z,526.0,C15OJXAH,4561,54,Male,White,United States,United States,United States,English,No,DATA_EXPIRED
665792eabd7671fa41307595,574eab79c18847000e071119,AWAITING REVIEW,Not Applicable,2024-05-29T20:47:24.836000Z,2024-05-29T21:01:40.493000Z,,2024-05-29T21:01:40.890063Z,856.0,C15OJXAH,4911,43,Female,Black,United States,United States,United States,English,No,Part-Time
665792ee4bd0152d82204b34,60a9b8f7b9748b9999090dd8,AWAITING REVIEW,Not Applicable,2024-05-29T20:41:23.564000Z,2024-05-29T20:46:38.868000Z,,2024-05-29T20:46:39.522381Z,316.0,C15OJXAH,1708,22,Male,White,United States,United States,United States,English,Yes,Unemployed (and job seeking)
665792f03dafe137eff134bd,607f7f18d84d010ea2cd8664,AWAITING REVIEW,Not Applicable,2024-05-29T20:41:36.075000Z,2024-05-29T20:53:26.461000Z,,2024-05-29T20:53:26.955026Z,711.0,C15OJXAH,4302,24,Female,Mixed,United States,United States,United States,English,No,Part-Time
665792f1acebdfee506c15ca,5ec195df3f2aec276ff0bf33,AWAITING REVIEW,Not Applicable,2024-05-29T20:41:28.252000Z,2024-05-29T20:52:06.887000Z,,2024-05-29T20:52:37.199152Z,639.0,C15OJXAH,2894,74,Female,White,United States,United States,United States,English,Yes,"Not in paid work (e.g. homemaker', 'retired or disabled)"
665792f49f0317b2cba47e94,6296295f57c07906c9052955,AWAITING REVIEW,Not Applicable,2024-05-29T20:41:28.468000Z,2024-05-29T20:56:37.569000Z,,2024-05-29T20:58:57.496695Z,910.0,C15OJXAH,4193,37,Male,White,United States,United States,United States,English,DATA_EXPIRED,Full-Time
665793041f5820de30e93e71,60b54dde7e4ce8de0f1f24be,AWAITING REVIEW,Not Applicable,2024-05-29T20:41:45.448000Z,2024-05-29T20:48:25.929000Z,,2024-05-29T20:48:26.539240Z,401.0,C15OJXAH,1159,41,Female,White,Germany,United States,United States,English,No,Due to start a new job within the next month
665793096b35f257ed77effb,5df416a57bf5722f9a501255,AWAITING REVIEW,Not Applicable,2024-05-29T20:41:48.763000Z,2024-05-29T20:49:22.466000Z,,2024-05-29T20:49:46.250603Z,454.0,C15OJXAH,3306,37,Male,White,United States,United States,United States,English,No,DATA_EXPIRED
6657930d89971b4f6cbee2f8,63d7edbef6596097994e730e,AWAITING REVIEW,Not Applicable,2024-05-29T20:42:14.474000Z,2024-05-29T20:47:37.621000Z,,2024-05-29T20:47:38.116440Z,324.0,C15OJXAH,3757,41,Male,Mixed,United States,United States,United States,English,DATA_EXPIRED,DATA_EXPIRED
665793123dafe137eff134c1,64876e8c1a6f7c303a92351b,AWAITING REVIEW,Not Applicable,2024-05-29T20:41:56.877000Z,2024-05-29T20:56:49.946000Z,,2024-05-29T20:58:59.599052Z,894.0,C15OJXAH,3011,71,Female,White,United States,United States,United States,English,No,Full-Time
66579312c24bcd454bfb28b4,64135e3d9cd5e3f16290d29c,AWAITING REVIEW,Not Applicable,2024-05-29T20:42:23.431000Z,2024-05-29T20:52:27.017000Z,,2024-05-29T20:52:43.124584Z,604.0,C15OJXAH,2274,26,Male,Asian,United States,United States,United States,English,DATA_EXPIRED,DATA_EXPIRED
6657931f3acb6e0722e1ee6f,63d96d5957cdd8a417721253,AWAITING REVIEW,Not Applicable,2024-05-29T20:43:34.064000Z,2024-05-29T20:52:35.671000Z,,2024-05-29T20:52:44.506925Z,542.0,C15OJXAH,1243,38,Male,White,United States,United States,United States,English,No,Full-Time
6657932046bfec296554efe2,5bac1d9dc1155b0001175e55,AWAITING REVIEW,Not Applicable,2024-05-29T20:42:15.643000Z,2024-05-29T20:52:22.378000Z,,2024-05-29T20:52:42.504364Z,607.0,C15OJXAH,2471,48,Female,Black,United States,United States,United States,English,No,DATA_EXPIRED
66579322fedf541d6edd92dc,6554ea27378d1f1b846788b3,AWAITING REVIEW,Not Applicable,2024-05-29T20:44:02.329000Z,2024-05-29T20:54:16.302000Z,,2024-05-29T20:54:16.771913Z,614.0,C15OJXAH,1211,46,Male,Black,United States,United States,United States,English,No,Full-Time
6657932507def77763fb3f0f,61003bb158741c6a1d79903b,AWAITING REVIEW,Not Applicable,2024-05-29T20:42:18.721000Z,2024-05-29T20:53:55.241000Z,,2024-05-29T20:53:55.955439Z,697.0,C15OJXAH,2547,50,Female,Asian,India,United States,United States,English,No,Part-Time
66579326c24bcd454bfb28ba,5bc0cded8b8bfe000105ea82,AWAITING REVIEW,Not Applicable,2024-05-29T20:42:20.545000Z,2024-05-29T20:49:08.721000Z,,2024-05-29T20:49:35.019157Z,409.0,C15OJXAH,2514,38,Male,White,United States,United States,United States,English,No,Full-Time
6657932825bf5614f149a301,5b22f24c38fc0c0001313ea8,AWAITING REVIEW,Not Applicable,2024-05-29T20:42:21.297000Z,2024-05-29T20:52:56.844000Z,,2024-05-29T20:52:57.320040Z,636.0,C15OJXAH,1700,47,Female,White,United States,United States,United States,English,DATA_EXPIRED,Full-Time
6657932943f15a792728428f,651c2cc23704dc10500ae77c,AWAITING REVIEW,Not Applicable,2024-05-29T20:42:31.449000Z,2024-05-29T20:54:46.805000Z,,2024-05-29T20:54:47.245372Z,736.0,C15OJXAH,1694,70,Female,White,United States,United States,United States,English,No,"Not in paid work (e.g. homemaker', 'retired or disabled)"
6657932c484b21aefc715b2e,646619d0918746fb726da63e,AWAITING REVIEW,Not Applicable,2024-05-29T20:42:25.485000Z,2024-05-29T20:53:19.653000Z,,2024-05-29T20:53:20.451749Z,655.0,C15OJXAH,2739,61,Female,White,United States,United States,United States,English,No,DATA_EXPIRED
665793313dafe137eff134ca,64360d6189dec3ac8afc9a78,AWAITING REVIEW,Not Applicable,2024-05-29T20:42:29.644000Z,2024-05-29T20:49:39.801000Z,,2024-05-29T20:51:56.163508Z,431.0,C15OJXAH,2812,65,Female,White,United States,United States,United States,English,DATA_EXPIRED,DATA_EXPIRED
66579332f7f57d35afea5b16,5eb342dff78ab11407daf144,AWAITING REVIEW,Not Applicable,2024-05-29T20:42:31.721000Z,2024-05-29T20:51:16.247000Z,,2024-05-29T20:52:24.276152Z,525.0,C15OJXAH,4561,24,Female,Asian,United States,United States,United States,English,Yes,Part-Time
665793374271bb527e6e63ea,59d8ae913e5ea00001e1d05f,AWAITING REVIEW,Not Applicable,2024-05-29T20:42:34.901000Z,2024-05-29T20:55:55.565000Z,,2024-05-29T20:55:55.985523Z,801.0,C15OJXAH,7134,35,Male,White,United States,United States,United States,English,DATA_EXPIRED,DATA_EXPIRED
6657933e67794463652049bc,55ea70c37480920010aa9982,AWAITING REVIEW,Not Applicable,2024-05-29T20:42:46.719000Z,2024-05-29T20:51:02.217000Z,,2024-05-29T20:52:19.126057Z,496.0,C15OJXAH,4160,36,Male,Black,United States,United States,United States,English,No,Full-Time
665793422dab1baf738a777c,5d4254db5b2c430001418a3c,AWAITING REVIEW,Not Applicable,2024-05-29T20:42:55.711000Z,2024-05-29T20:49:16.067000Z,,2024-05-29T20:49:39.812368Z,381.0,C15OJXAH,5648,40,Female,White,United States,United States,United States,English,No,"Not in paid work (e.g. homemaker', 'retired or disabled)"
665793456412f483218868f7,5c44cf2da5487b00011d0b80,AWAITING REVIEW,Not Applicable,2024-05-29T20:42:52.500000Z,2024-05-29T20:58:45.545000Z,,2024-05-29T20:59:30.329280Z,954.0,C15OJXAH,5954,59,Female,White,United States,United States,United States,English,DATA_EXPIRED,DATA_EXPIRED
66579345d450c094bccb2044,59d0ec2446447f00011f0254,AWAITING REVIEW,Not Applicable,2024-05-29T20:42:45.341000Z,2024-05-29T20:53:21.941000Z,,2024-05-29T20:53:22.557868Z,637.0,C15OJXAH,6021,41,Female,DATA_EXPIRED,United States,United States,United States,English,DATA_EXPIRED,DATA_EXPIRED
6657934c430fdfc33377c879,62162ab583fc823e78c025e2,AWAITING REVIEW,Not Applicable,2024-05-29T20:45:01.202000Z,2024-05-29T20:57:41.376000Z,,2024-05-29T20:59:12.190406Z,761.0,C15OJXAH,4505,61,Female,White,United States,United States,United States,English,DATA_EXPIRED,DATA_EXPIRED
6657934fec682fff2873a3d7,63a49d5bb18f18863fe82dae,AWAITING REVIEW,Not Applicable,2024-05-29T20:43:02.045000Z,2024-05-29T20:58:43.607000Z,,2024-05-29T20:59:29.760232Z,942.0,C15OJXAH,2349,54,Female,White,United States,United States,United States,English,No,Part-Time
665793595ab239deb9b9900e,60cb3c4b9454f7a196355088,AWAITING REVIEW,Not Applicable,2024-05-29T20:43:10.872000Z,2024-05-29T20:50:57.242000Z,,2024-05-29T20:52:17.258822Z,467.0,C15OJXAH,3968,37,Male,Black,United States,United States,United States,English,DATA_EXPIRED,DATA_EXPIRED
6657935af0ec5f5cada7f2c1,63daca8ae542ff8f19d3099a,AWAITING REVIEW,Not Applicable,2024-05-29T20:43:14.361000Z,2024-05-29T20:58:23.262000Z,,2024-05-29T20:59:24.548423Z,909.0,C15OJXAH,3216,69,Male,White,United States,United States,United States,English,No,DATA_EXPIRED
6657935b84cedbe2cba480ee,62a9513ae9305607fd5af01a,AWAITING REVIEW,Not Applicable,2024-05-29T20:43:18.686000Z,2024-05-29T21:04:25.209000Z,,2024-05-29T21:05:27.983210Z,1267.0,C15OJXAH,1858,60,Female,Black,United States,United States,United States,English,No,DATA_EXPIRED
6657936867794463652049c7,5dcea7314d51e4107516c80d,AWAITING REVIEW,Not Applicable,2024-05-29T20:43:20.713000Z,2024-05-29T20:53:19.987000Z,,2024-05-29T20:53:20.375037Z,600.0,C15OJXAH,8246,55,Female,White,United States,United States,United States,English,DATA_EXPIRED,"Not in paid work (e.g. homemaker', 'retired or disabled)"
6657936a03892b97df880b24,633c7424294f7a26710ca395,AWAITING REVIEW,Not Applicable,2024-05-29T20:43:26.771000Z,2024-05-29T20:50:15.893000Z,,2024-05-29T20:52:07.542511Z,410.0,C15OJXAH,3461,39,Male,White,United States,United States,United States,English,No,DATA_EXPIRED
6657936e5d33de58ac3f0016,644e757b60476ac7d5a7717a,AWAITING REVIEW,Not Applicable,2024-05-29T20:43:35.110000Z,2024-05-29T20:55:41.617000Z,,2024-05-29T20:55:42.665092Z,727.0,C15OJXAH,2394,59,Male,White,United States,United States,United States,English,DATA_EXPIRED,DATA_EXPIRED
6657936f3fa9bac66ec693ce,55c2910dfdf99b5e72c6efcf,AWAITING REVIEW,Not Applicable,2024-05-29T20:43:34.288000Z,2024-05-29T20:51:23.065000Z,,2024-05-29T20:52:26.995644Z,469.0,C15OJXAH,1149,34,Female,White,United States,United States,United States,English,DATA_EXPIRED,DATA_EXPIRED
6657937176ac1e0591ba7662,5b774f493c1375000197ad11,AWAITING REVIEW,Not Applicable,2024-05-29T20:44:21.079000Z,2024-05-29T20:48:27.072000Z,,2024-05-29T20:48:27.797006Z,246.0,C15OJXAH,3975,31,Female,White,United States,United States,United States,English,No,Full-Time
6657937227f74ca16eb424da,632beb3e071d0d5eec133b60,AWAITING REVIEW,Not Applicable,2024-05-29T20:43:38.947000Z,2024-05-29T20:52:04.977000Z,,2024-05-29T20:52:36.127395Z,507.0,C15OJXAH,1886,31,Male,Black,United States,United States,United States,English,Yes,DATA_EXPIRED
66579374480d7e783d0b7be5,6506f9e821e92759b20c2be6,AWAITING REVIEW,Not Applicable,2024-05-29T20:43:32.541000Z,2024-05-29T20:51:56.415000Z,,2024-05-29T20:52:34.013991Z,504.0,C15OJXAH,1420,39,Female,Mixed,United States,United States,United States,English,DATA_EXPIRED,DATA_EXPIRED
6657937a4d8acc7211fce0f6,5ec12ad1759b78000a4f9965,AWAITING REVIEW,Not Applicable,2024-05-29T20:43:44.008000Z,2024-05-29T20:53:00.571000Z,,2024-05-29T20:53:01.106710Z,557.0,C15OJXAH,3934,45,Male,White,United States,United States,United States,English,No,Full-Time
66579392a2fb4456c1b425a5,628eb50c442d584fa8275bcc,AWAITING REVIEW,Not Applicable,2024-05-29T20:44:24.122000Z,2024-05-29T20:51:45.002000Z,,2024-05-29T20:52:31.237024Z,441.0,C15OJXAH,3143,38,Male,White,United States,United States,United States,English,DATA_EXPIRED,Full-Time
665793ee1ecf5d6289be5d33,5ed68cac121a540dfb82f4ea,AWAITING REVIEW,Not Applicable,2024-05-29T20:45:37.227000Z,2024-05-29T20:50:39.037000Z,,2024-05-29T20:52:10.087948Z,302.0,C15OJXAH,2018,37,Male,Mixed,United States,United States,United States,English,No,Full-Time
6657953b3fa9bac66ec69436,63a9a8f2f098b7e45bd03721,AWAITING REVIEW,Not Applicable,2024-05-29T20:51:15.984000Z,2024-05-29T21:00:19.589000Z,,2024-05-29T21:00:22.938797Z,544.0,C15OJXAH,3045,69,Male,White,United States,United States,United States,English,DATA_EXPIRED,Full-Time
66579577cffc7b15f963d041,5b9dd322f074140001050095,AWAITING REVIEW,Not Applicable,2024-05-29T20:57:30.958000Z,2024-05-29T21:05:39Z,,2024-05-29T21:06:08.578861Z,489.0,C15OJXAH,3143,36,Female,White,United States,United States,United States,English,No,"Not in paid work (e.g. homemaker', 'retired or disabled)"
665795f0383316f3613518c6,5dc474fd45b8f933f16d6241,AWAITING REVIEW,Not Applicable,2024-05-29T20:54:12.103000Z,2024-05-29T21:03:39.593000Z,,2024-05-29T21:05:12.674866Z,568.0,C15OJXAH,1456,34,Female,White,United States,United States,United States,English,No,"Not in paid work (e.g. homemaker', 'retired or disabled)"
66579613ec682fff2873a451,63d83a19b8acced30d2e0d32,AWAITING REVIEW,Not Applicable,2024-05-29T20:54:48.469000Z,2024-05-29T21:00:23.026000Z,,2024-05-29T21:00:23.550076Z,335.0,C15OJXAH,3222,35,Male,White,United States,United States,United States,English,DATA_EXPIRED,DATA_EXPIRED
665796155824579986a2bdbd,5f0d2ad60ad0d6730c380b05,AWAITING REVIEW,Not Applicable,2024-05-29T20:54:45.472000Z,2024-05-29T21:25:45.084000Z,,2024-05-29T21:25:45.489565Z,1860.0,C15OJXAH,3497,51,Male,DATA_EXPIRED,United States,United States,United States,English,No,DATA_EXPIRED
665796285d33de58ac3f00ca,641397a5ea8f5954ad10fceb,AWAITING REVIEW,Not Applicable,2024-05-29T20:55:16.378000Z,2024-05-29T21:10:19.845000Z,,2024-05-29T21:12:03.297092Z,904.0,C15OJXAH,1749,51,Female,Black,United States,United States,United States,English,No,Unemployed (and job seeking)
6657962aaefcd1f383a6a4f4,632f09dfbcfe2edefdae1447,AWAITING REVIEW,Not Applicable,2024-05-29T20:55:11.915000Z,2024-05-29T21:01:52.670000Z,,2024-05-29T21:01:54.197052Z,401.0,C15OJXAH,2799,32,Male,Asian,United States,United States,United States,English,DATA_EXPIRED,DATA_EXPIRED
665797524d8acc7211fce1d4,6405feae7d6321bfaaf793e8,AWAITING REVIEW,Not Applicable,2024-05-29T21:00:08.749000Z,2024-05-29T21:06:19.510000Z,,2024-05-29T21:06:20.113738Z,371.0,C15OJXAH,3303,35,Female,White,United States,United States,United States,English,No,DATA_EXPIRED
6657978989971b4f6cbee3ea,5a4c1ecaefd8df0001d34305,AWAITING REVIEW,Not Applicable,2024-05-29T21:01:03.496000Z,2024-05-29T21:09:20.641000Z,,2024-05-29T21:09:21.230075Z,498.0,C15OJXAH,6373,31,Male,White,United States,United States,United States,English,No,Full-Time
66579798a720deef8acb15bb,650fab251b0fd30bfabbedb3,AWAITING REVIEW,Not Applicable,2024-05-29T21:01:18.168000Z,2024-05-29T21:12:37.740000Z,,2024-05-29T21:12:47.812274Z,680.0,C15OJXAH,1182,40,Female,Black,United States,United States,United States,English,DATA_EXPIRED,DATA_EXPIRED
665798f551cf2402886e651e,5ddeed7ba4aa26f9afcd1ef6,AWAITING REVIEW,Not Applicable,2024-05-29T21:07:06.110000Z,2024-05-29T21:17:15.956000Z,,2024-05-29T21:17:16.478607Z,610.0,C15OJXAH,2472,57,Female,White,United States,United States,United States,English,No,Unemployed (and job seeking)
66579cba74a8e5165543cb6c,627286792f25495f123cc27b,AWAITING REVIEW,Not Applicable,2024-05-29T21:23:10.557000Z,2024-05-29T21:30:51.696000Z,,2024-05-29T21:30:52.218277Z,462.0,C15OJXAH,4470,45,Male,Other,United States,United States,United States,English,No,Unemployed (and job seeking)
6657747f654c720f038557cc,57d88513995a0b0001635002,RETURNED,Not Applicable,2024-05-29T18:31:37.152000Z,,,,,,1677,CONSENT_REVOKED,CONSENT_REVOKED,CONSENT_REVOKED,CONSENT_REVOKED,CONSENT_REVOKED,CONSENT_REVOKED,CONSENT_REVOKED,CONSENT_REVOKED,CONSENT_REVOKED
665774ad430fdfc33377c1bd,5bacb6b9f2d97e0001c52a63,RETURNED,Not Applicable,2024-05-29T18:32:18.893000Z,,,,,,3470,CONSENT_REVOKED,CONSENT_REVOKED,CONSENT_REVOKED,CONSENT_REVOKED,CONSENT_REVOKED,CONSENT_REVOKED,CONSENT_REVOKED,CONSENT_REVOKED,CONSENT_REVOKED
6657751ff0ec5f5cada7ec57,63d1787e133386074516c177,RETURNED,Not Applicable,2024-05-29T18:34:11.927000Z,,,,,,1272,CONSENT_REVOKED,CONSENT_REVOKED,CONSENT_REVOKED,CONSENT_REVOKED,CONSENT_REVOKED,CONSENT_REVOKED,CONSENT_REVOKED,CONSENT_REVOKED,CONSENT_REVOKED
66577a6ee94c3e6d8d7b22da,5c0da14d656168000159da7a,RETURNED,Not Applicable,2024-05-29T18:56:53.837000Z,,,,,,5565,CONSENT_REVOKED,CONSENT_REVOKED,CONSENT_REVOKED,CONSENT_REVOKED,CONSENT_REVOKED,CONSENT_REVOKED,CONSENT_REVOKED,CONSENT_REVOKED,CONSENT_REVOKED
66577c86b0e02aab96753ed9,5b9b4cc406114100010660f0,RETURNED,Not Applicable,2024-05-29T19:05:48.049000Z,,,,,,3424,CONSENT_REVOKED,CONSENT_REVOKED,CONSENT_REVOKED,CONSENT_REVOKED,CONSENT_REVOKED,CONSENT_REVOKED,CONSENT_REVOKED,CONSENT_REVOKED,CONSENT_REVOKED
66577d4a5a2a55dcd5ebbf9c,5d829da97f572900184a7cb1,RETURNED,Not Applicable,2024-05-29T19:09:05.297000Z,,,,,,4278,CONSENT_REVOKED,CONSENT_REVOKED,CONSENT_REVOKED,CONSENT_REVOKED,CONSENT_REVOKED,CONSENT_REVOKED,CONSENT_REVOKED,CONSENT_REVOKED,CONSENT_REVOKED
66577efc167444180ef3f4e7,62348098fd652eafce467ad0,TIMED-OUT,Not Applicable,2024-05-29T19:16:25.339000Z,,,,8990.0,,1154,39,Male,White,United States,United States,United States,English,DATA_EXPIRED,DATA_EXPIRED
665792391cf54b07b23676cd,602b3ed14ae791260d6d12c5,RETURNED,Not Applicable,2024-05-29T20:38:27.352000Z,,,,,,1784,CONSENT_REVOKED,CONSENT_REVOKED,CONSENT_REVOKED,CONSENT_REVOKED,CONSENT_REVOKED,CONSENT_REVOKED,CONSENT_REVOKED,CONSENT_REVOKED,CONSENT_REVOKED
6657923c5e1494d277aaf55a,63ff478aec95d54674669329,RETURNED,Not Applicable,2024-05-29T20:38:25.170000Z,,,,,,3335,CONSENT_REVOKED,CONSENT_REVOKED,CONSENT_REVOKED,CONSENT_REVOKED,CONSENT_REVOKED,CONSENT_REVOKED,CONSENT_REVOKED,CONSENT_REVOKED,CONSENT_REVOKED
6657925b6412f483218868b7,5a8dc255b093f80001a82a3c,RETURNED,Not Applicable,2024-05-29T20:44:07.095000Z,,,,,,2581,CONSENT_REVOKED,CONSENT_REVOKED,CONSENT_REVOKED,CONSENT_REVOKED,CONSENT_REVOKED,CONSENT_REVOKED,CONSENT_REVOKED,CONSENT_REVOKED,CONSENT_REVOKED
66579270fcc730c6d46e17cd,63d5aafaa65a001c36a652b2,RETURNED,Not Applicable,2024-05-29T20:39:17.699000Z,,,,,,2539,CONSENT_REVOKED,CONSENT_REVOKED,CONSENT_REVOKED,CONSENT_REVOKED,CONSENT_REVOKED,CONSENT_REVOKED,CONSENT_REVOKED,CONSENT_REVOKED,CONSENT_REVOKED
6657928061c176ee0f148685,63667ba152dc3078210dc552,RETURNED,Not Applicable,2024-05-29T20:39:34.493000Z,,,,,,1150,CONSENT_REVOKED,CONSENT_REVOKED,CONSENT_REVOKED,CONSENT_REVOKED,CONSENT_REVOKED,CONSENT_REVOKED,CONSENT_REVOKED,CONSENT_REVOKED,CONSENT_REVOKED
665792861ecf5d6289be5cd8,63d148b2255821a940922c1a,RETURNED,Not Applicable,2024-05-29T20:39:56.688000Z,,,,,,3581,CONSENT_REVOKED,CONSENT_REVOKED,CONSENT_REVOKED,CONSENT_REVOKED,CONSENT_REVOKED,CONSENT_REVOKED,CONSENT_REVOKED,CONSENT_REVOKED,CONSENT_REVOKED
6657928792ec5e2c1d518453,64071f8576c48034c00df845,RETURNED,Not Applicable,2024-05-29T20:44:49.404000Z,,,,,,2424,CONSENT_REVOKED,CONSENT_REVOKED,CONSENT_REVOKED,CONSENT_REVOKED,CONSENT_REVOKED,CONSENT_REVOKED,CONSENT_REVOKED,CONSENT_REVOKED,CONSENT_REVOKED
6657928f383316f361351824,642954d588469609635ad049,RETURNED,Not Applicable,2024-05-29T20:44:57.786000Z,,,,,,2508,CONSENT_REVOKED,CONSENT_REVOKED,CONSENT_REVOKED,CONSENT_REVOKED,CONSENT_REVOKED,CONSENT_REVOKED,CONSENT_REVOKED,CONSENT_REVOKED,CONSENT_REVOKED
6657929303892b97df880afa,64045393fa09ada78f0b5301,RETURNED,Not Applicable,2024-05-29T20:39:54.121000Z,,,,,,2398,CONSENT_REVOKED,CONSENT_REVOKED,CONSENT_REVOKED,CONSENT_REVOKED,CONSENT_REVOKED,CONSENT_REVOKED,CONSENT_REVOKED,CONSENT_REVOKED,CONSENT_REVOKED
6657929aea53e04216ff4831,642700bf265ab07308a02420,TIMED-OUT,Not Applicable,2024-05-29T20:40:03.681000Z,,,,3973.0,,1398,56,Female,Black,United States,United States,United States,English,DATA_EXPIRED,DATA_EXPIRED
6657929b41f621e598dfeeec,644e44af7a8a169a3a8ffd52,RETURNED,Not Applicable,2024-05-29T20:40:09.021000Z,,,,,,2252,CONSENT_REVOKED,CONSENT_REVOKED,CONSENT_REVOKED,CONSENT_REVOKED,CONSENT_REVOKED,CONSENT_REVOKED,CONSENT_REVOKED,CONSENT_REVOKED,CONSENT_REVOKED
6657929c2c1e99aa0a212083,610c940475aedaf9c70a190e,RETURNED,Not Applicable,2024-05-29T20:40:03.361000Z,,,,,,6288,CONSENT_REVOKED,CONSENT_REVOKED,CONSENT_REVOKED,CONSENT_REVOKED,CONSENT_REVOKED,CONSENT_REVOKED,CONSENT_REVOKED,CONSENT_REVOKED,CONSENT_REVOKED
665792b7da597cba6f1cf46c,63bdb63007b7ff499cb0e839,RETURNED,Not Applicable,2024-05-29T20:41:37.357000Z,,,,,,1908,CONSENT_REVOKED,CONSENT_REVOKED,CONSENT_REVOKED,CONSENT_REVOKED,CONSENT_REVOKED,CONSENT_REVOKED,CONSENT_REVOKED,CONSENT_REVOKED,CONSENT_REVOKED
665792b8ba8f20890ac0e0cb,646633f7c6264a9a636042d8,RETURNED,Not Applicable,2024-05-29T20:41:38.527000Z,,,,,,1203,CONSENT_REVOKED,CONSENT_REVOKED,CONSENT_REVOKED,CONSENT_REVOKED,CONSENT_REVOKED,CONSENT_REVOKED,CONSENT_REVOKED,CONSENT_REVOKED,CONSENT_REVOKED
665792ba916558ed86d82a67,63c40b98533b26ec941005c3,RETURNED,Not Applicable,2024-05-29T20:41:40.269000Z,,,,,,2145,CONSENT_REVOKED,CONSENT_REVOKED,CONSENT_REVOKED,CONSENT_REVOKED,CONSENT_REVOKED,CONSENT_REVOKED,CONSENT_REVOKED,CONSENT_REVOKED,CONSENT_REVOKED
665792be31bd19068729c6e2,5d4e204c6686610015bf2c5a,RETURNED,Not Applicable,2024-05-29T20:40:39.701000Z,,,,,,1757,CONSENT_REVOKED,CONSENT_REVOKED,CONSENT_REVOKED,CONSENT_REVOKED,CONSENT_REVOKED,CONSENT_REVOKED,CONSENT_REVOKED,CONSENT_REVOKED,CONSENT_REVOKED
665792cab9254b075ddfeec3,64294cae8d5cae1b2ed48562,RETURNED,Not Applicable,2024-05-29T20:41:00.429000Z,,,,,,2147,CONSENT_REVOKED,CONSENT_REVOKED,CONSENT_REVOKED,CONSENT_REVOKED,CONSENT_REVOKED,CONSENT_REVOKED,CONSENT_REVOKED,CONSENT_REVOKED,CONSENT_REVOKED
665792cce7b0c541453516e1,5a1cddb4087f2e0001eafb99,RETURNED,Not Applicable,2024-05-29T20:51:00.050000Z,,,,,,5251,CONSENT_REVOKED,CONSENT_REVOKED,CONSENT_REVOKED,CONSENT_REVOKED,CONSENT_REVOKED,CONSENT_REVOKED,CONSENT_REVOKED,CONSENT_REVOKED,CONSENT_REVOKED
66579300b651b453ebb03e6a,62e029ff528ea30b4508eaf5,RETURNED,Not Applicable,2024-05-29T20:52:01.984000Z,,,,,,1810,CONSENT_REVOKED,CONSENT_REVOKED,CONSENT_REVOKED,CONSENT_REVOKED,CONSENT_REVOKED,CONSENT_REVOKED,CONSENT_REVOKED,CONSENT_REVOKED,CONSENT_REVOKED
6657934f9f0317b2cba47e9f,63af5c586c05eee8c3d03730,RETURNED,Not Applicable,2024-05-29T20:43:02.176000Z,,,,,,3114,CONSENT_REVOKED,CONSENT_REVOKED,CONSENT_REVOKED,CONSENT_REVOKED,CONSENT_REVOKED,CONSENT_REVOKED,CONSENT_REVOKED,CONSENT_REVOKED,CONSENT_REVOKED
6657936e9f4a8c692451832d,632a9a164ae4b7deb9aa84db,RETURNED,Not Applicable,2024-05-29T20:54:00.015000Z,,,,,,3376,CONSENT_REVOKED,CONSENT_REVOKED,CONSENT_REVOKED,CONSENT_REVOKED,CONSENT_REVOKED,CONSENT_REVOKED,CONSENT_REVOKED,CONSENT_REVOKED,CONSENT_REVOKED
6657975a480d7e783d0b7c96,5bf311373a5bf00001401f64,RETURNED,Not Applicable,2024-05-29T21:00:14.173000Z,,,,,,4634,CONSENT_REVOKED,CONSENT_REVOKED,CONSENT_REVOKED,CONSENT_REVOKED,CONSENT_REVOKED,CONSENT_REVOKED,CONSENT_REVOKED,CONSENT_REVOKED,CONSENT_REVOKED
66579cbb3432e912fb494f81,59d9d9cd8fd07a0001842484,AWAITING REVIEW,Not Applicable,2024-05-29T21:23:07.584000Z,2024-05-29T21:40:23.317000Z,,,1036.0,C15OJXAH,2248,30,Male,Mixed,United States,United States,United States,English,No,DATA_EXPIRED
